,Start,Tenor,Forward Swap,PVBP
0,1,1,0.03200699912122815,0.9961394162889651
1,1,2,0.03325922575031641,1.9887912610284975
2,1,3,0.03401072632499095,2.9778317793710216
3,1,5,0.035255469372986535,4.943924071851356
4,1,10,0.038427983258123126,9.771148969526267
5,5,1,0.03927406367212133,0.9809587752606236
6,5,2,0.04007489272869859,1.9570222874480463
7,5,3,0.04007229203829185,2.928051276419383
8,5,5,0.041093291117387604,4.853641784261728
9,5,10,0.043633801305474444,9.569367829397583
10,10,1,0.04218952232198017,0.9545418886738064
11,10,2,0.0431160156007531,1.9033511122797333
12,10,3,0.0440974067289555,2.8464620993213074
13,10,5,0.04624941788055468,4.7157260451358525
14,10,10,0.053458060857745834,9.291510801338987
